prompt,variant_1,variant_2
Tạo test case cho Ứng dụng - Chức năng,"Soạn kịch bản kiểm thử cho Ứng dụng - Chức năng: phân quyền cơ bản, luồng chức năng chính, kịch bản chính.","Những ca kiểm thử nào đảm bảo Ứng dụng - Chức năng hoạt động ổn định và đúng kỳ vọng, bao phủ phân quyền cơ bản, luồng chức năng chính?"
Tạo test case cho Giao diện - UI,"Viết kịch bản kiểm thử cho Giao diện - UI: điều hướng bằng bàn phím, trạng thái rỗng và lỗi, điểm nhấn tương tác.","Những ca kiểm thử nào đảm bảo Giao diện - UI hoạt động ổn định và đúng kỳ vọng, bao phủ điều hướng bằng bàn phím, trạng thái rỗng và lỗi?"
Tạo test case cho Lọc - Chức năng,"Lập kịch bản kiểm thử cho Lọc - Chức năng: khả năng đặt lại bộ lọc, đồng bộ URL, kịch bản chính.","Những ca kiểm thử nào đảm bảo Lọc - Chức năng hoạt động ổn định và đúng kỳ vọng, bao phủ khả năng đặt lại bộ lọc, đồng bộ URL?"
Tạo test case cho Tìm kiếm - Chức năng,"Viết kịch bản kiểm thử cho Tìm kiếm - Chức năng: hiệu năng truy vấn, khả năng xử lý ký tự đặc biệt, tính đúng đắn dữ liệu.","Những ca kiểm thử nào đảm bảo Tìm kiếm - Chức năng hoạt động ổn định và đúng kỳ vọng, bao phủ hiệu năng truy vấn, khả năng xử lý ký tự đặc biệt?"
Tạo test case cho Giao diện - Cửa sổ,"Đề xuất kịch bản kiểm thử cho Giao diện - Cửa sổ: tính nhất quán UI, thiết bị di động.","Những ca kiểm thử nào đảm bảo Giao diện - Cửa sổ hoạt động ổn định và đúng kỳ vọng, bao phủ tính nhất quán UI, thiết bị di động?"
Tạo test case cho Cơ sở dữ liệu - Toàn vẹn dữ liệu,"Thiết kế kịch bản kiểm thử cho Cơ sở dữ liệu - Toàn vẹn dữ liệu: khóa cạnh tranh, tính nhất quán.","Những ca kiểm thử nào đảm bảo Cơ sở dữ liệu - Toàn vẹn dữ liệu hoạt động ổn định và đúng kỳ vọng, bao phủ khóa cạnh tranh, tính nhất quán?"
Tạo test case cho Tải lên hình ảnh - Chức năng,"Lập kịch bản kiểm thử cho Tải lên hình ảnh - Chức năng: quyền truy cập, nén và tối ưu, kịch bản chính.","Những ca kiểm thử nào đảm bảo Tải lên hình ảnh - Chức năng hoạt động ổn định và đúng kỳ vọng, bao phủ quyền truy cập, nén và tối ưu?"
Tạo test case cho Email - Chức năng,"Lập kịch bản kiểm thử cho Email - Chức năng: đính kèm, định dạng nội dung, tính đúng đắn dữ liệu.","Những ca kiểm thử nào đảm bảo Email - Chức năng hoạt động ổn định và đúng kỳ vọng, bao phủ đính kèm, định dạng nội dung?"
Tạo test case cho Xuất Excel - Chức năng,"Thiết kế kịch bản kiểm thử cho Xuất Excel - Chức năng: khớp bộ lọc và quyền, giới hạn dòng, kịch bản chính.","Những ca kiểm thử nào đảm bảo Xuất Excel - Chức năng hoạt động ổn định và đúng kỳ vọng, bao phủ khớp bộ lọc và quyền, giới hạn dòng?"
Tạo test case cho Hiệu năng - Tối ưu,"Soạn kịch bản kiểm thử cho Hiệu năng - Tối ưu: xử lý tải đồng thời, thời gian phản hồi, độ ổn định dưới áp lực.","Những ca kiểm thử nào đảm bảo Hiệu năng - Tối ưu hoạt động ổn định và đúng kỳ vọng, bao phủ xử lý tải đồng thời, thời gian phản hồi?"
Tạo test case cho Bảo mật - An toàn,"Đề xuất kịch bản kiểm thử cho Bảo mật - An toàn: mã hóa dữ liệu, kiểm soát truy cập, xác thực và ủy quyền.","Những ca kiểm thử nào đảm bảo Bảo mật - An toàn hoạt động ổn định và đúng kỳ vọng, bao phủ mã hóa dữ liệu, kiểm soát truy cập?"
Tạo test case cho Đăng nhập - Chức năng,"Soạn kịch bản kiểm thử cho Đăng nhập - Chức năng: 2FA và khôi phục mật khẩu an toàn, quản lý phiên và thời hạn cookie, kịch bản chính.","Những ca kiểm thử nào đảm bảo Đăng nhập - Chức năng hoạt động ổn định và đúng kỳ vọng, bao phủ 2FA và khôi phục mật khẩu an toàn, quản lý phiên và thời hạn cookie?"
Tạo test case cho Đăng nhập - Hiệu năng,"Đề xuất kịch bản kiểm thử cho Đăng nhập - Hiệu năng: ẩn thông báo lỗi nhạy cảm, giới hạn thử sai và khóa tài khoản, tải đồng thời.","Những ca kiểm thử nào đảm bảo Đăng nhập - Hiệu năng hoạt động ổn định và đúng kỳ vọng, bao phủ ẩn thông báo lỗi nhạy cảm, giới hạn thử sai và khóa tài khoản?"
Tạo test case cho Đăng nhập - Bảo mật,"Thiết kế kịch bản kiểm thử cho Đăng nhập - Bảo mật: quản lý phiên và thời hạn cookie, ẩn thông báo lỗi nhạy cảm, ghi log và audit.","Những ca kiểm thử nào đảm bảo Đăng nhập - Bảo mật hoạt động ổn định và đúng kỳ vọng, bao phủ quản lý phiên và thời hạn cookie, ẩn thông báo lỗi nhạy cảm?"
Tạo test case cho Đăng nhập - Email,"Thiết kế kịch bản kiểm thử cho Đăng nhập - Email: ẩn thông báo lỗi nhạy cảm, giới hạn thử sai và khóa tài khoản, khả năng theo dõi gửi.","Những ca kiểm thử nào đảm bảo Đăng nhập - Email hoạt động ổn định và đúng kỳ vọng, bao phủ ẩn thông báo lỗi nhạy cảm, giới hạn thử sai và khóa tài khoản?"
Tạo test case cho Đăng nhập - Phản hồi/Mobile,"Soạn kịch bản kiểm thử cho Đăng nhập - Phản hồi và Mobile: ẩn thông báo lỗi nhạy cảm, giới hạn thử sai và khóa tài khoản.","Những ca kiểm thử nào đảm bảo Đăng nhập - Phản hồi và Mobile hoạt động ổn định và đúng kỳ vọng, bao phủ ẩn thông báo lỗi nhạy cảm, giới hạn thử sai và khóa tài khoản?"
Tạo test case cho Đăng ký - Chức năng,"Thiết kế kịch bản kiểm thử cho Đăng ký - Chức năng: chống tạo tài khoản trùng lặp, email/OTP xác minh tài khoản, trạng thái lỗi.","Những ca kiểm thử nào đảm bảo Đăng ký - Chức năng hoạt động ổn định và đúng kỳ vọng, bao phủ chống tạo tài khoản trùng lặp, email/OTP xác minh tài khoản?"
Tạo test case cho Đăng ký - Bảo mật,"Viết kịch bản kiểm thử cho Đăng ký - Bảo mật: tốc độ phản hồi và chống spam, chống tạo tài khoản trùng lặp, xác thực và ủy quyền.","Những ca kiểm thử nào đảm bảo Đăng ký - Bảo mật hoạt động ổn định và đúng kỳ vọng, bao phủ tốc độ phản hồi và chống spam, chống tạo tài khoản trùng lặp?"
Tạo test case cho Đăng ký - Hiệu năng,"Thiết kế kịch bản kiểm thử cho Đăng ký - Hiệu năng: xác thực dữ liệu đầu vào, tốc độ phản hồi và chống spam, độ ổn định dưới áp lực.","Những ca kiểm thử nào đảm bảo Đăng ký - Hiệu năng hoạt động ổn định và đúng kỳ vọng, bao phủ xác thực dữ liệu đầu vào, tốc độ phản hồi và chống spam?"
Tạo test case cho Đăng ký - Đa trình duyệt,"Soạn kịch bản kiểm thử cho Đăng ký - Đa trình duyệt: chống tạo tài khoản trùng lặp, email/OTP xác minh tài khoản, khác biệt render.","Những ca kiểm thử nào đảm bảo Đăng ký - Đa trình duyệt hoạt động ổn định và đúng kỳ vọng, bao phủ chống tạo tài khoản trùng lặp, email/OTP xác minh tài khoản?"
Tạo test case cho Đăng ký - Tích hợp,"Soạn kịch bản kiểm thử cho Đăng ký - Tích hợp: chống tạo tài khoản trùng lặp, email/OTP xác minh tài khoản, retry có kiểm soát.","Những ca kiểm thử nào đảm bảo Đăng ký - Tích hợp hoạt động ổn định và đúng kỳ vọng, bao phủ chống tạo tài khoản trùng lặp, email/OTP xác minh tài khoản?"
Tạo test case cho Đăng ký - Trải nghiệm người dùng,"Lập kịch bản kiểm thử cho Đăng ký - Trải nghiệm người dùng: email/OTP xác minh tài khoản, xác thực dữ liệu đầu vào, trạng thái rỗng.","Những ca kiểm thử nào đảm bảo Đăng ký - Trải nghiệm người dùng hoạt động ổn định và đúng kỳ vọng, bao phủ email/OTP xác minh tài khoản, xác thực dữ liệu đầu vào?"
Tạo test case cho API - Chức năng,"Đề xuất kịch bản kiểm thử cho API - Chức năng: xác thực và ủy quyền, CORS và rò rỉ dữ liệu, kịch bản chính.","Những ca kiểm thử nào đảm bảo API - Chức năng hoạt động ổn định và đúng kỳ vọng, bao phủ xác thực và ủy quyền, CORS và rò rỉ dữ liệu?"
Tạo test case cho API - Hiệu năng,"Soạn kịch bản kiểm thử cho API - Hiệu năng: CORS và rò rỉ dữ liệu, giới hạn tốc độ và idempotency, độ ổn định dưới áp lực.","Những ca kiểm thử nào đảm bảo API - Hiệu năng hoạt động ổn định và đúng kỳ vọng, bao phủ CORS và rò rỉ dữ liệu, giới hạn tốc độ và idempotency?"
Tạo test case cho API - Bảo mật,"Thiết kế kịch bản kiểm thử cho API - Bảo mật: mã lỗi nhất quán, xác thực và ủy quyền, bảo vệ dữ liệu nhạy cảm.","Những ca kiểm thử nào đảm bảo API - Bảo mật hoạt động ổn định và đúng kỳ vọng, bao phủ mã lỗi nhất quán, xác thực và ủy quyền?"
Tạo test case cho Tìm kiếm - Đầu vào,"Viết kịch bản kiểm thử cho Tìm kiếm - Đầu vào: hiệu năng truy vấn, khả năng xử lý ký tự đặc biệt.","Những ca kiểm thử nào đảm bảo Tìm kiếm - Đầu vào hoạt động ổn định và đúng kỳ vọng, bao phủ hiệu năng truy vấn, khả năng xử lý ký tự đặc biệt?"
Tạo test case cho Tìm kiếm - Hiển thị,"Đề xuất kịch bản kiểm thử cho Tìm kiếm - Hiển thị: sắp xếp và phân trang kết quả, gợi ý từ khóa và trạng thái rỗng.","Những ca kiểm thử nào đảm bảo Tìm kiếm - Hiển thị hoạt động ổn định và đúng kỳ vọng, bao phủ sắp xếp và phân trang kết quả, gợi ý từ khóa và trạng thái rỗng?"
Tạo test case cho Tìm kiếm - Hiệu năng,"Lập kịch bản kiểm thử cho Tìm kiếm - Hiệu năng: khả năng xử lý ký tự đặc biệt, sắp xếp và phân trang kết quả, thời gian phản hồi.","Những ca kiểm thử nào đảm bảo Tìm kiếm - Hiệu năng hoạt động ổn định và đúng kỳ vọng, bao phủ khả năng xử lý ký tự đặc biệt, sắp xếp và phân trang kết quả?"
Tạo test case cho Tìm kiếm - Trải nghiệm người dùng,"Soạn kịch bản kiểm thử cho Tìm kiếm - Trải nghiệm người dùng: hiệu năng truy vấn, khả năng xử lý ký tự đặc biệt, trạng thái rỗng.","Những ca kiểm thử nào đảm bảo Tìm kiếm - Trải nghiệm người dùng hoạt động ổn định và đúng kỳ vọng, bao phủ hiệu năng truy vấn, khả năng xử lý ký tự đặc biệt?"
Tạo test case cho Phân trang - Chức năng,"Soạn kịch bản kiểm thử cho Phân trang - Chức năng: kích thước trang và điều hướng trước sau, tải vô hạn, trạng thái lỗi.","Những ca kiểm thử nào đảm bảo Phân trang - Chức năng hoạt động ổn định và đúng kỳ vọng, bao phủ kích thước trang và điều hướng trước sau, tải vô hạn?"
Tạo test case cho Phân trang - Hiệu năng,"Viết kịch bản kiểm thử cho Phân trang - Hiệu năng: tải vô hạn, giữ bộ lọc khi đổi trang, độ ổn định dưới áp lực.","Những ca kiểm thử nào đảm bảo Phân trang - Hiệu năng hoạt động ổn định và đúng kỳ vọng, bao phủ tải vô hạn, giữ bộ lọc khi đổi trang?"
Tạo test case cho Phân trang - Trải nghiệm người dùng,"Soạn kịch bản kiểm thử cho Phân trang - Trải nghiệm người dùng: giữ bộ lọc khi đổi trang, trạng thái đầu/cuối danh sách, thông báo rõ ràng.","Những ca kiểm thử nào đảm bảo Phân trang - Trải nghiệm người dùng hoạt động ổn định và đúng kỳ vọng, bao phủ giữ bộ lọc khi đổi trang, trạng thái đầu/cuối danh sách?"
Tạo test case cho Phân trang - Tích hợp,"Soạn kịch bản kiểm thử cho Phân trang - Tích hợp: giữ bộ lọc khi đổi trang, trạng thái đầu/cuối danh sách, retry có kiểm soát.","Những ca kiểm thử nào đảm bảo Phân trang - Tích hợp hoạt động ổn định và đúng kỳ vọng, bao phủ giữ bộ lọc khi đổi trang, trạng thái đầu/cuối danh sách?"
Tạo test case cho Lịch - Chọn ngày,"Soạn kịch bản kiểm thử cho Lịch - Chọn ngày: múi giờ và ngày nhuận, giới hạn ngày tối thiểu và tối đa.","Những ca kiểm thử nào đảm bảo Lịch - Chọn ngày hoạt động ổn định và đúng kỳ vọng, bao phủ múi giờ và ngày nhuận, giới hạn ngày tối thiểu và tối đa?"
Tạo test case cho Lịch - Trường ngày,"Lập kịch bản kiểm thử cho Lịch - Trường ngày: giới hạn ngày tối thiểu và tối đa, đồng bộ sự kiện.","Những ca kiểm thử nào đảm bảo Lịch - Trường ngày hoạt động ổn định và đúng kỳ vọng, bao phủ giới hạn ngày tối thiểu và tối đa, đồng bộ sự kiện?"
Tạo test case cho Lịch - Sự kiện,"Soạn kịch bản kiểm thử cho Lịch - Sự kiện: đồng bộ sự kiện, tương tác bàn phím và trình đọc màn hình.","Những ca kiểm thử nào đảm bảo Lịch - Sự kiện hoạt động ổn định và đúng kỳ vọng, bao phủ đồng bộ sự kiện, tương tác bàn phím và trình đọc màn hình?"
Tạo test case cho Lịch - Chế độ xem,"Thiết kế kịch bản kiểm thử cho Lịch - Chế độ xem: giới hạn ngày tối thiểu và tối đa, đồng bộ sự kiện.","Những ca kiểm thử nào đảm bảo Lịch - Chế độ xem hoạt động ổn định và đúng kỳ vọng, bao phủ giới hạn ngày tối thiểu và tối đa, đồng bộ sự kiện?"
Tạo test case cho Lịch - Hiệu năng,"Thiết kế kịch bản kiểm thử cho Lịch - Hiệu năng: tương tác bàn phím và trình đọc màn hình, múi giờ và ngày nhuận, thời gian phản hồi.","Những ca kiểm thử nào đảm bảo Lịch - Hiệu năng hoạt động ổn định và đúng kỳ vọng, bao phủ tương tác bàn phím và trình đọc màn hình, múi giờ và ngày nhuận?"
Tạo test case cho Lịch - Trải nghiệm người dùng,"Soạn kịch bản kiểm thử cho Lịch - Trải nghiệm người dùng: giới hạn ngày tối thiểu và tối đa, đồng bộ sự kiện, trạng thái rỗng.","Những ca kiểm thử nào đảm bảo Lịch - Trải nghiệm người dùng hoạt động ổn định và đúng kỳ vọng, bao phủ giới hạn ngày tối thiểu và tối đa, đồng bộ sự kiện?"
Tạo test case cho Lịch - Tích hợp,"Đề xuất kịch bản kiểm thử cho Lịch - Tích hợp: múi giờ và ngày nhuận, giới hạn ngày tối thiểu và tối đa, retry có kiểm soát.","Những ca kiểm thử nào đảm bảo Lịch - Tích hợp hoạt động ổn định và đúng kỳ vọng, bao phủ múi giờ và ngày nhuận, giới hạn ngày tối thiểu và tối đa?"
Tạo test case cho Ngân hàng - Quản lý tài khoản,"Viết kịch bản kiểm thử cho Ngân hàng - Quản lý tài khoản: cập nhật số dư tức thời, xử lý lỗi và khôi phục.","Những ca kiểm thử nào đảm bảo Ngân hàng - Quản lý tài khoản hoạt động ổn định và đúng kỳ vọng, bao phủ cập nhật số dư tức thời, xử lý lỗi và khôi phục?"
Tạo test case cho Ngân hàng - Xử lý giao dịch,"Soạn kịch bản kiểm thử cho Ngân hàng - Xử lý giao dịch: độ chính xác sao kê, cập nhật số dư tức thời.","Những ca kiểm thử nào đảm bảo Ngân hàng - Xử lý giao dịch hoạt động ổn định và đúng kỳ vọng, bao phủ độ chính xác sao kê, cập nhật số dư tức thời?"
Tạo test case cho Ngân hàng - Bảo mật,"Viết kịch bản kiểm thử cho Ngân hàng - Bảo mật: độ chính xác sao kê, cập nhật số dư tức thời, bảo vệ dữ liệu nhạy cảm.","Những ca kiểm thử nào đảm bảo Ngân hàng - Bảo mật hoạt động ổn định và đúng kỳ vọng, bao phủ độ chính xác sao kê, cập nhật số dư tức thời?"
Tạo test case cho Ngân hàng - Phản hồi/Mobile,"Lập kịch bản kiểm thử cho Ngân hàng - Phản hồi và Mobile: ghi log và truy vết giao dịch, độ chính xác sao kê.","Những ca kiểm thử nào đảm bảo Ngân hàng - Phản hồi và Mobile hoạt động ổn định và đúng kỳ vọng, bao phủ ghi log và truy vết giao dịch, độ chính xác sao kê?"
Tạo test case cho Ngân hàng - Đa nền tảng,"Đề xuất kịch bản kiểm thử cho Ngân hàng - Đa nền tảng: độ chính xác sao kê, cập nhật số dư tức thời.","Những ca kiểm thử nào đảm bảo Ngân hàng - Đa nền tảng hoạt động ổn định và đúng kỳ vọng, bao phủ độ chính xác sao kê, cập nhật số dư tức thời?"
Tạo test case cho Thương mại điện tử - Chức năng,"Lập kịch bản kiểm thử cho Thương mại điện tử - Chức năng: tồn kho và giá khuyến mãi, hoàn tiền và cập nhật trạng thái đơn, kịch bản chính.","Những ca kiểm thử nào đảm bảo Thương mại điện tử - Chức năng hoạt động ổn định và đúng kỳ vọng, bao phủ tồn kho và giá khuyến mãi, hoàn tiền và cập nhật trạng thái đơn?"
Tạo test case cho Thương mại điện tử - Đăng nhập,"Thiết kế kịch bản kiểm thử cho Thương mại điện tử - Đăng nhập: tính phí vận chuyển và thuế, giỏ hàng và mã giảm giá.","Những ca kiểm thử nào đảm bảo Thương mại điện tử - Đăng nhập hoạt động ổn định và đúng kỳ vọng, bao phủ tính phí vận chuyển và thuế, giỏ hàng và mã giảm giá?"
Tạo test case cho Thương mại điện tử - Đăng ký,"Viết kịch bản kiểm thử cho Thương mại điện tử - Đăng ký: tính phí vận chuyển và thuế, giỏ hàng và mã giảm giá.","Những ca kiểm thử nào đảm bảo Thương mại điện tử - Đăng ký hoạt động ổn định và đúng kỳ vọng, bao phủ tính phí vận chuyển và thuế, giỏ hàng và mã giảm giá?"
Tạo test case cho Thương mại điện tử - Tìm kiếm,"Viết kịch bản kiểm thử cho Thương mại điện tử - Tìm kiếm: tồn kho và giá khuyến mãi, hoàn tiền và cập nhật trạng thái đơn.","Những ca kiểm thử nào đảm bảo Thương mại điện tử - Tìm kiếm hoạt động ổn định và đúng kỳ vọng, bao phủ tồn kho và giá khuyến mãi, hoàn tiền và cập nhật trạng thái đơn?"
Tạo test case cho Thương mại điện tử - Danh mục & Sản phẩm,"Soạn kịch bản kiểm thử cho Thương mại điện tử - Danh mục & Sản phẩm: tính phí vận chuyển và thuế, giỏ hàng và mã giảm giá.","Những ca kiểm thử nào đảm bảo Thương mại điện tử - Danh mục & Sản phẩm hoạt động ổn định và đúng kỳ vọng, bao phủ tính phí vận chuyển và thuế, giỏ hàng và mã giảm giá?"
Tạo test case cho Thương mại điện tử - Giỏ hàng,"Viết kịch bản kiểm thử cho Thương mại điện tử - Giỏ hàng: hoàn tiền và cập nhật trạng thái đơn, tính phí vận chuyển và thuế.","Những ca kiểm thử nào đảm bảo Thương mại điện tử - Giỏ hàng hoạt động ổn định và đúng kỳ vọng, bao phủ hoàn tiền và cập nhật trạng thái đơn, tính phí vận chuyển và thuế?"
Tạo test case cho Thương mại điện tử - Thanh toán,"Đề xuất kịch bản kiểm thử cho Thương mại điện tử - Thanh toán: tính phí vận chuyển và thuế, giỏ hàng và mã giảm giá.","Những ca kiểm thử nào đảm bảo Thương mại điện tử - Thanh toán hoạt động ổn định và đúng kỳ vọng, bao phủ tính phí vận chuyển và thuế, giỏ hàng và mã giảm giá?"
Tạo test case cho Thương mại điện tử - Vận chuyển & Giao hàng,"Soạn kịch bản kiểm thử cho Thương mại điện tử - Vận chuyển & Giao hàng: hoàn tiền và cập nhật trạng thái đơn, tính phí vận chuyển và thuế.","Những ca kiểm thử nào đảm bảo Thương mại điện tử - Vận chuyển & Giao hàng hoạt động ổn định và đúng kỳ vọng, bao phủ hoàn tiền và cập nhật trạng thái đơn, tính phí vận chuyển và thuế?"
Tạo test case cho Ngân hàng - Yêu cầu dịch vụ,"Thiết kế kịch bản kiểm thử cho Ngân hàng - Yêu cầu dịch vụ: cập nhật số dư tức thời, xử lý lỗi và khôi phục.","Những ca kiểm thử nào đảm bảo Ngân hàng - Yêu cầu dịch vụ hoạt động ổn định và đúng kỳ vọng, bao phủ cập nhật số dư tức thời, xử lý lỗi và khôi phục?"
Tạo test case cho Ngân hàng - Người thụ hưởng,"Viết kịch bản kiểm thử cho Ngân hàng - Người thụ hưởng: xử lý lỗi và khôi phục, ghi log và truy vết giao dịch.","Những ca kiểm thử nào đảm bảo Ngân hàng - Người thụ hưởng hoạt động ổn định và đúng kỳ vọng, bao phủ xử lý lỗi và khôi phục, ghi log và truy vết giao dịch?"
Tạo test case cho Ngân hàng - Quyền quản trị,"Đề xuất kịch bản kiểm thử cho Ngân hàng - Quyền quản trị: xử lý lỗi và khôi phục, ghi log và truy vết giao dịch.","Những ca kiểm thử nào đảm bảo Ngân hàng - Quyền quản trị hoạt động ổn định và đúng kỳ vọng, bao phủ xử lý lỗi và khôi phục, ghi log và truy vết giao dịch?"
Tạo test case cho Ngân hàng - Chi nhánh mới,"Soạn kịch bản kiểm thử cho Ngân hàng - Chi nhánh mới: xử lý lỗi và khôi phục, ghi log và truy vết giao dịch.","Những ca kiểm thử nào đảm bảo Ngân hàng - Chi nhánh mới hoạt động ổn định và đúng kỳ vọng, bao phủ xử lý lỗi và khôi phục, ghi log và truy vết giao dịch?"
Tạo test case cho Ngân hàng - Chuyển tiền,"Lập kịch bản kiểm thử cho Ngân hàng - Chuyển tiền: xử lý lỗi và khôi phục, ghi log và truy vết giao dịch.","Những ca kiểm thử nào đảm bảo Ngân hàng - Chuyển tiền hoạt động ổn định và đúng kỳ vọng, bao phủ xử lý lỗi và khôi phục, ghi log và truy vết giao dịch?"
Tạo test case cho Đăng xuất - Chức năng,"Đề xuất kịch bản kiểm thử cho Đăng xuất - Chức năng: vô hiệu hóa phiên, xóa cookie nhạy cảm, kịch bản chính.","Những ca kiểm thử nào đảm bảo Đăng xuất - Chức năng hoạt động ổn định và đúng kỳ vọng, bao phủ vô hiệu hóa phiên, xóa cookie nhạy cảm?"
Tạo test case cho Đăng xuất - Bảo mật,"Viết kịch bản kiểm thử cho Đăng xuất - Bảo mật: vô hiệu hóa phiên, xóa cookie nhạy cảm, bảo vệ dữ liệu nhạy cảm.","Những ca kiểm thử nào đảm bảo Đăng xuất - Bảo mật hoạt động ổn định và đúng kỳ vọng, bao phủ vô hiệu hóa phiên, xóa cookie nhạy cảm?"
Tạo test case cho Đăng xuất - Trải nghiệm người dùng,"Thiết kế kịch bản kiểm thử cho Đăng xuất - Trải nghiệm người dùng: chặn quay lại bằng bộ nhớ cache, vô hiệu hóa phiên, trạng thái rỗng.","Những ca kiểm thử nào đảm bảo Đăng xuất - Trải nghiệm người dùng hoạt động ổn định và đúng kỳ vọng, bao phủ chặn quay lại bằng bộ nhớ cache, vô hiệu hóa phiên?"
Tạo test case cho Đăng xuất - HTTPS,"Viết kịch bản kiểm thử cho Đăng xuất - HTTPS: vô hiệu hóa phiên, xóa cookie nhạy cảm, HSTS.","Những ca kiểm thử nào đảm bảo Đăng xuất - HTTPS hoạt động ổn định và đúng kỳ vọng, bao phủ vô hiệu hóa phiên, xóa cookie nhạy cảm?"
Tạo test case cho Đăng xuất - Phản hồi/Mobile,"Thiết kế kịch bản kiểm thử cho Đăng xuất - Phản hồi và Mobile: xóa cookie nhạy cảm, chuyển hướng an toàn qua HTTPS.","Những ca kiểm thử nào đảm bảo Đăng xuất - Phản hồi và Mobile hoạt động ổn định và đúng kỳ vọng, bao phủ xóa cookie nhạy cảm, chuyển hướng an toàn qua HTTPS?"
Tạo test case cho Máy tính - Chức năng,"Thiết kế kịch bản kiểm thử cho Máy tính - Chức năng: hiển thị và định dạng kết quả, thứ tự phép toán, kịch bản chính.","Những ca kiểm thử nào đảm bảo Máy tính - Chức năng hoạt động ổn định và đúng kỳ vọng, bao phủ hiển thị và định dạng kết quả, thứ tự phép toán?"
Tạo test case cho Máy tính - Giá trị biên,"Đề xuất kịch bản kiểm thử cho Máy tính - Giá trị biên: độ chính xác phép tính, hiển thị và định dạng kết quả.","Những ca kiểm thử nào đảm bảo Máy tính - Giá trị biên hoạt động ổn định và đúng kỳ vọng, bao phủ độ chính xác phép tính, hiển thị và định dạng kết quả?"
Tạo test case cho Máy tính - Khoa học nâng cao,"Thiết kế kịch bản kiểm thử cho Máy tính - Khoa học nâng cao: hiển thị và định dạng kết quả, thứ tự phép toán.","Những ca kiểm thử nào đảm bảo Máy tính - Khoa học nâng cao hoạt động ổn định và đúng kỳ vọng, bao phủ hiển thị và định dạng kết quả, thứ tự phép toán?"
Tạo test case cho Máy tính - Ứng dụng phần mềm,"Đề xuất kịch bản kiểm thử cho Máy tính - Ứng dụng phần mềm: độ chính xác phép tính, hiển thị và định dạng kết quả.","Những ca kiểm thử nào đảm bảo Máy tính - Ứng dụng phần mềm hoạt động ổn định và đúng kỳ vọng, bao phủ độ chính xác phép tính, hiển thị và định dạng kết quả?"
Tạo test case cho Máy tính - Trải nghiệm người dùng,"Thiết kế kịch bản kiểm thử cho Máy tính - Trải nghiệm người dùng: giá trị biên và tràn số, độ chính xác phép tính, khả năng tìm thấy chức năng.","Những ca kiểm thử nào đảm bảo Máy tính - Trải nghiệm người dùng hoạt động ổn định và đúng kỳ vọng, bao phủ giá trị biên và tràn số, độ chính xác phép tính?"
Tạo test case cho Máy tính - Giao diện thiết bị,"Viết kịch bản kiểm thử cho Máy tính - Giao diện thiết bị: giá trị biên và tràn số, độ chính xác phép tính.","Những ca kiểm thử nào đảm bảo Máy tính - Giao diện thiết bị hoạt động ổn định và đúng kỳ vọng, bao phủ giá trị biên và tràn số, độ chính xác phép tính?"
Tạo test case cho Máy tính - Lỗi & BODMAS,"Viết kịch bản kiểm thử cho Máy tính - Lỗi & BODMAS: độ chính xác phép tính, hiển thị và định dạng kết quả.","Những ca kiểm thử nào đảm bảo Máy tính - Lỗi & BODMAS hoạt động ổn định và đúng kỳ vọng, bao phủ độ chính xác phép tính, hiển thị và định dạng kết quả?"
Tạo test case cho Quản lý kho - Chức năng,"Soạn kịch bản kiểm thử cho Quản lý kho - Chức năng: nhập xuất tồn, báo cáo tồn kho, trạng thái lỗi.","Những ca kiểm thử nào đảm bảo Quản lý kho - Chức năng hoạt động ổn định và đúng kỳ vọng, bao phủ nhập xuất tồn, báo cáo tồn kho?"
Tạo test case cho Salesforce - Toàn vẹn dữ liệu - Nhập/Xuất,"Thiết kế kịch bản kiểm thử cho Salesforce - Toàn vẹn dữ liệu - Nhập và Xuất: kiểm tra validation rule, nhập/xuất dữ liệu an toàn.","Những ca kiểm thử nào đảm bảo Salesforce - Toàn vẹn dữ liệu - Nhập và Xuất hoạt động ổn định và đúng kỳ vọng, bao phủ kiểm tra validation rule, nhập/xuất dữ liệu an toàn?"
Tạo test case cho Toàn vẹn dữ liệu - Tính nhất quán trường,"Thiết kế kịch bản kiểm thử cho Toàn vẹn dữ liệu - Tính nhất quán trường: quy tắc xác thực, tính nhất quán trường.","Những ca kiểm thử nào đảm bảo Toàn vẹn dữ liệu - Tính nhất quán trường hoạt động ổn định và đúng kỳ vọng, bao phủ quy tắc xác thực, tính nhất quán trường?"
Tạo test case cho Toàn vẹn dữ liệu - Quy tắc xác thực,"Thiết kế kịch bản kiểm thử cho Toàn vẹn dữ liệu - Quy tắc xác thực: tính nhất quán trường, tham chiếu ngoại và ràng buộc.","Những ca kiểm thử nào đảm bảo Toàn vẹn dữ liệu - Quy tắc xác thực hoạt động ổn định và đúng kỳ vọng, bao phủ tính nhất quán trường, tham chiếu ngoại và ràng buộc?"
Tạo test case cho Toàn vẹn dữ liệu - Sau nâng cấp,"Đề xuất kịch bản kiểm thử cho Toàn vẹn dữ liệu - Sau nâng cấp: tham chiếu ngoại và ràng buộc, sau nâng cấp.","Những ca kiểm thử nào đảm bảo Toàn vẹn dữ liệu - Sau nâng cấp hoạt động ổn định và đúng kỳ vọng, bao phủ tham chiếu ngoại và ràng buộc, sau nâng cấp?"
Tạo test case cho Tùy chỉnh - Trường tùy chỉnh,"Soạn kịch bản kiểm thử cho Tùy chỉnh - Trường tùy chỉnh: phân quyền theo metadata, luồng công việc.","Những ca kiểm thử nào đảm bảo Tùy chỉnh - Trường tùy chỉnh hoạt động ổn định và đúng kỳ vọng, bao phủ phân quyền theo metadata, luồng công việc?"
Tạo test case cho Tùy chỉnh - Quy trình,"Soạn kịch bản kiểm thử cho Tùy chỉnh - Quy trình: luồng công việc, nhãn và thành phần Lightning.","Những ca kiểm thử nào đảm bảo Tùy chỉnh - Quy trình hoạt động ổn định và đúng kỳ vọng, bao phủ luồng công việc, nhãn và thành phần Lightning?"
Tạo test case cho Tùy chỉnh - Nhãn tùy chỉnh,"Soạn kịch bản kiểm thử cho Tùy chỉnh - Nhãn tùy chỉnh: trường tùy chỉnh, phân quyền theo metadata.","Những ca kiểm thử nào đảm bảo Tùy chỉnh - Nhãn tùy chỉnh hoạt động ổn định và đúng kỳ vọng, bao phủ trường tùy chỉnh, phân quyền theo metadata?"
Tạo test case cho Tùy chỉnh - Thành phần Lightning,"Đề xuất kịch bản kiểm thử cho Tùy chỉnh - Thành phần Lightning: luồng công việc, nhãn và thành phần Lightning.","Những ca kiểm thử nào đảm bảo Tùy chỉnh - Thành phần Lightning hoạt động ổn định và đúng kỳ vọng, bao phủ luồng công việc, nhãn và thành phần Lightning?"
Tạo test case cho Tích hợp - Giao tiếp bên ngoài,"Lập kịch bản kiểm thử cho Tích hợp - Giao tiếp bên ngoài: idempotency, thứ tự sự kiện, retry có kiểm soát.","Những ca kiểm thử nào đảm bảo Tích hợp - Giao tiếp bên ngoài hoạt động ổn định và đúng kỳ vọng, bao phủ idempotency, thứ tự sự kiện?"
Tạo test case cho Tích hợp - Dòng dữ liệu,"Viết kịch bản kiểm thử cho Tích hợp - Dòng dữ liệu: retry và backoff, webhook và chữ ký, retry có kiểm soát.","Những ca kiểm thử nào đảm bảo Tích hợp - Dòng dữ liệu hoạt động ổn định và đúng kỳ vọng, bao phủ retry và backoff, webhook và chữ ký?"
Tạo test case cho Tích hợp - Đồng bộ,"Lập kịch bản kiểm thử cho Tích hợp - Đồng bộ: thứ tự sự kiện, retry và backoff, retry có kiểm soát.","Những ca kiểm thử nào đảm bảo Tích hợp - Đồng bộ hoạt động ổn định và đúng kỳ vọng, bao phủ thứ tự sự kiện, retry và backoff?"
Tạo test case cho Tích hợp - Xử lý lỗi,"Đề xuất kịch bản kiểm thử cho Tích hợp - Xử lý lỗi: idempotency, thứ tự sự kiện, retry có kiểm soát.","Những ca kiểm thử nào đảm bảo Tích hợp - Xử lý lỗi hoạt động ổn định và đúng kỳ vọng, bao phủ idempotency, thứ tự sự kiện?"
Tạo test case cho Bảo mật - Kiểm soát truy cập,"Viết kịch bản kiểm thử cho Bảo mật - Kiểm soát truy cập: phát hiện truy cập trái phép, mã hóa dữ liệu, bảo vệ dữ liệu nhạy cảm.","Những ca kiểm thử nào đảm bảo Bảo mật - Kiểm soát truy cập hoạt động ổn định và đúng kỳ vọng, bao phủ phát hiện truy cập trái phép, mã hóa dữ liệu?"
Tạo test case cho Bảo mật - Mã hóa dữ liệu,"Đề xuất kịch bản kiểm thử cho Bảo mật - Mã hóa dữ liệu: phát hiện truy cập trái phép, mã hóa dữ liệu, bảo vệ dữ liệu nhạy cảm.","Những ca kiểm thử nào đảm bảo Bảo mật - Mã hóa dữ liệu hoạt động ổn định và đúng kỳ vọng, bao phủ phát hiện truy cập trái phép, mã hóa dữ liệu?"
Tạo test case cho Bảo mật - Truy cập trái phép,"Lập kịch bản kiểm thử cho Bảo mật - Truy cập trái phép: phát hiện truy cập trái phép, mã hóa dữ liệu, xác thực và ủy quyền.","Những ca kiểm thử nào đảm bảo Bảo mật - Truy cập trái phép hoạt động ổn định và đúng kỳ vọng, bao phủ phát hiện truy cập trái phép, mã hóa dữ liệu?"
Tạo test case cho Bảo mật - Tuân thủ,"Thiết kế kịch bản kiểm thử cho Bảo mật - Tuân thủ: tuân thủ và ghi audit, phát hiện truy cập trái phép, xác thực và ủy quyền.","Những ca kiểm thử nào đảm bảo Bảo mật - Tuân thủ hoạt động ổn định và đúng kỳ vọng, bao phủ tuân thủ và ghi audit, phát hiện truy cập trái phép?"
Tạo test case cho Hiệu năng - Thời gian phản hồi,"Lập kịch bản kiểm thử cho Hiệu năng - Thời gian phản hồi: xử lý tải đồng thời, thời gian phản hồi, độ ổn định dưới áp lực.","Những ca kiểm thử nào đảm bảo Hiệu năng - Thời gian phản hồi hoạt động ổn định và đúng kỳ vọng, bao phủ xử lý tải đồng thời, thời gian phản hồi?"
Tạo test case cho Hiệu năng - Xử lý tải,"Đề xuất kịch bản kiểm thử cho Hiệu năng - Xử lý tải: thời gian phản hồi, rò rỉ bộ nhớ, tải đồng thời.","Những ca kiểm thử nào đảm bảo Hiệu năng - Xử lý tải hoạt động ổn định và đúng kỳ vọng, bao phủ thời gian phản hồi, rò rỉ bộ nhớ?"
Tạo test case cho Hiệu năng - Khả năng mở rộng,"Viết kịch bản kiểm thử cho Hiệu năng - Khả năng mở rộng: khả năng mở rộng, xử lý tải đồng thời, thời gian phản hồi.","Những ca kiểm thử nào đảm bảo Hiệu năng - Khả năng mở rộng hoạt động ổn định và đúng kỳ vọng, bao phủ khả năng mở rộng, xử lý tải đồng thời?"
Tạo test case cho Đa trình duyệt - Tính nhất quán bố cục,"Đề xuất kịch bản kiểm thử cho Đa trình duyệt - Tính nhất quán bố cục: khả năng đáp ứng, tính nhất quán bố cục, hiển thị nhất quán.","Những ca kiểm thử nào đảm bảo Đa trình duyệt - Tính nhất quán bố cục hoạt động ổn định và đúng kỳ vọng, bao phủ khả năng đáp ứng, tính nhất quán bố cục?"
Tạo test case cho Đa trình duyệt - Phản hồi,"Soạn kịch bản kiểm thử cho Đa trình duyệt - Phản hồi: fallback tính năng, khả năng đáp ứng, hiển thị nhất quán.","Những ca kiểm thử nào đảm bảo Đa trình duyệt - Phản hồi hoạt động ổn định và đúng kỳ vọng, bao phủ fallback tính năng, khả năng đáp ứng?"
Tạo test case cho Kiểm tra tải - Người dùng đồng thời,"Viết kịch bản kiểm thử cho Kiểm tra tải - Người dùng đồng thời: bao phủ các trường hợp chính, xử lý lỗi và biên, ghi nhận log và giám sát.","Những ca kiểm thử nào đảm bảo Kiểm tra tải - Người dùng đồng thời hoạt động ổn định và đúng kỳ vọng, bao phủ bao phủ các trường hợp chính, xử lý lỗi và biên?"
Tạo test case cho Kiểm tra tải - Giao dịch nặng,"Đề xuất kịch bản kiểm thử cho Kiểm tra tải - Giao dịch nặng: bao phủ các trường hợp chính, xử lý lỗi và biên, ghi nhận log và giám sát.","Những ca kiểm thử nào đảm bảo Kiểm tra tải - Giao dịch nặng hoạt động ổn định và đúng kỳ vọng, bao phủ bao phủ các trường hợp chính, xử lý lỗi và biên?"
Tạo test case cho Kiểm tra áp lực - Tải bất thường,"Soạn kịch bản kiểm thử cho Kiểm tra áp lực - Tải bất thường: bao phủ các trường hợp chính, xử lý lỗi và biên, ghi nhận log và giám sát.","Những ca kiểm thử nào đảm bảo Kiểm tra áp lực - Tải bất thường hoạt động ổn định và đúng kỳ vọng, bao phủ bao phủ các trường hợp chính, xử lý lỗi và biên?"
Tạo test case cho Kiểm tra áp lực - Khôi phục lỗi,"Viết kịch bản kiểm thử cho Kiểm tra áp lực - Khôi phục lỗi: bao phủ các trường hợp chính, xử lý lỗi và biên, ghi nhận log và giám sát.","Những ca kiểm thử nào đảm bảo Kiểm tra áp lực - Khôi phục lỗi hoạt động ổn định và đúng kỳ vọng, bao phủ bao phủ các trường hợp chính, xử lý lỗi và biên?"
Tạo test case cho Kiểm tra hồi quy - Sau cập nhật,"Soạn kịch bản kiểm thử cho Kiểm tra hồi quy - Sau cập nhật: bao phủ các trường hợp chính, xử lý lỗi và biên, ghi nhận log và giám sát.","Những ca kiểm thử nào đảm bảo Kiểm tra hồi quy - Sau cập nhật hoạt động ổn định và đúng kỳ vọng, bao phủ bao phủ các trường hợp chính, xử lý lỗi và biên?"
Tạo test case cho Kiểm tra hồi quy - Toàn vẹn dữ liệu,"Đề xuất kịch bản kiểm thử cho Kiểm tra hồi quy - Toàn vẹn dữ liệu: quy tắc xác thực, tính nhất quán trường.","Những ca kiểm thử nào đảm bảo Kiểm tra hồi quy - Toàn vẹn dữ liệu hoạt động ổn định và đúng kỳ vọng, bao phủ quy tắc xác thực, tính nhất quán trường?"
Tạo test case cho UAT - Xác thực người dùng,"Thiết kế kịch bản kiểm thử cho UAT - Xác thực người dùng: kịch bản người dùng thực, ghi nhận phản hồi.","Những ca kiểm thử nào đảm bảo UAT - Xác thực người dùng hoạt động ổn định và đúng kỳ vọng, bao phủ kịch bản người dùng thực, ghi nhận phản hồi?"
Tạo test case cho UAT - Tài liệu,"Lập kịch bản kiểm thử cho UAT - Tài liệu: kịch bản người dùng thực, ghi nhận phản hồi.","Những ca kiểm thử nào đảm bảo UAT - Tài liệu hoạt động ổn định và đúng kỳ vọng, bao phủ kịch bản người dùng thực, ghi nhận phản hồi?"
Tạo test case cho UI Testing - Căn chỉnh,"Soạn kịch bản kiểm thử cho UI Testing - Căn chỉnh: khả năng tiếp cận, nút và liên kết, căn lề và khoảng cách.","Những ca kiểm thử nào đảm bảo UI Testing - Căn chỉnh hoạt động ổn định và đúng kỳ vọng, bao phủ khả năng tiếp cận, nút và liên kết?"
Tạo test case cho UI Testing - Nút & Liên kết,"Soạn kịch bản kiểm thử cho UI Testing - Nút & Liên kết: nhận diện thương hiệu, khả năng tiếp cận, điểm nhấn tương tác.","Những ca kiểm thử nào đảm bảo UI Testing - Nút & Liên kết hoạt động ổn định và đúng kỳ vọng, bao phủ nhận diện thương hiệu, khả năng tiếp cận?"
Tạo test case cho UI Testing - Đa trình duyệt,"Viết kịch bản kiểm thử cho UI Testing - Đa trình duyệt: khả năng tiếp cận, nút và liên kết, khác biệt render.","Những ca kiểm thử nào đảm bảo UI Testing - Đa trình duyệt hoạt động ổn định và đúng kỳ vọng, bao phủ khả năng tiếp cận, nút và liên kết?"
Tạo test case cho UI Testing - Trải nghiệm người dùng,"Đề xuất kịch bản kiểm thử cho UI Testing - Trải nghiệm người dùng: khả năng tiếp cận, nút và liên kết, trạng thái rỗng.","Những ca kiểm thử nào đảm bảo UI Testing - Trải nghiệm người dùng hoạt động ổn định và đúng kỳ vọng, bao phủ khả năng tiếp cận, nút và liên kết?"
Tạo test case cho UI Testing - Nhận diện thương hiệu,"Viết kịch bản kiểm thử cho UI Testing - Nhận diện thương hiệu: khả năng tiếp cận, nút và liên kết, điểm nhấn tương tác.","Những ca kiểm thử nào đảm bảo UI Testing - Nhận diện thương hiệu hoạt động ổn định và đúng kỳ vọng, bao phủ khả năng tiếp cận, nút và liên kết?"
Tạo test case cho Notepad - Tự động hóa,"Đề xuất kịch bản kiểm thử cho Notepad - Tự động hóa: khôi phục khi sự cố, sao chép dán.","Những ca kiểm thử nào đảm bảo Notepad - Tự động hóa hoạt động ổn định và đúng kỳ vọng, bao phủ khôi phục khi sự cố, sao chép dán?"
Tạo test case cho Notepad - Tệp,"Soạn kịch bản kiểm thử cho Notepad - Tệp: khôi phục khi sự cố, sao chép dán.","Những ca kiểm thử nào đảm bảo Notepad - Tệp hoạt động ổn định và đúng kỳ vọng, bao phủ khôi phục khi sự cố, sao chép dán?"
Tạo test case cho Notepad - Hoàn tác,"Lập kịch bản kiểm thử cho Notepad - Hoàn tác: mở/lưu tệp, khôi phục khi sự cố.","Những ca kiểm thử nào đảm bảo Notepad - Hoàn tác hoạt động ổn định và đúng kỳ vọng, bao phủ mở/lưu tệp, khôi phục khi sự cố?"
Tạo test case cho Notepad - Sao chép,"Lập kịch bản kiểm thử cho Notepad - Sao chép: hoàn tác và làm lại, mở/lưu tệp.","Những ca kiểm thử nào đảm bảo Notepad - Sao chép hoạt động ổn định và đúng kỳ vọng, bao phủ hoàn tác và làm lại, mở/lưu tệp?"
Tạo test case cho Notepad - Dán,"Đề xuất kịch bản kiểm thử cho Notepad - Dán: mở/lưu tệp, khôi phục khi sự cố.","Những ca kiểm thử nào đảm bảo Notepad - Dán hoạt động ổn định và đúng kỳ vọng, bao phủ mở/lưu tệp, khôi phục khi sự cố?"
Tạo test case cho Notepad - Chỉnh sửa,"Đề xuất kịch bản kiểm thử cho Notepad - Chỉnh sửa: sao chép dán, hoàn tác và làm lại.","Những ca kiểm thử nào đảm bảo Notepad - Chỉnh sửa hoạt động ổn định và đúng kỳ vọng, bao phủ sao chép dán, hoàn tác và làm lại?"
Tạo test case cho Notepad - Chế độ xem,"Thiết kế kịch bản kiểm thử cho Notepad - Chế độ xem: sao chép dán, hoàn tác và làm lại.","Những ca kiểm thử nào đảm bảo Notepad - Chế độ xem hoạt động ổn định và đúng kỳ vọng, bao phủ sao chép dán, hoàn tác và làm lại?"
Tạo test case cho Notepad - Hiển thị,"Thiết kế kịch bản kiểm thử cho Notepad - Hiển thị: khôi phục khi sự cố, sao chép dán.","Những ca kiểm thử nào đảm bảo Notepad - Hiển thị hoạt động ổn định và đúng kỳ vọng, bao phủ khôi phục khi sự cố, sao chép dán?"
Tạo test case cho Notepad - Lưu,"Lập kịch bản kiểm thử cho Notepad - Lưu: sao chép dán, hoàn tác và làm lại.","Những ca kiểm thử nào đảm bảo Notepad - Lưu hoạt động ổn định và đúng kỳ vọng, bao phủ sao chép dán, hoàn tác và làm lại?"
Tạo test case cho Notepad - Thoát,"Lập kịch bản kiểm thử cho Notepad - Thoát: sao chép dán, hoàn tác và làm lại.","Những ca kiểm thử nào đảm bảo Notepad - Thoát hoạt động ổn định và đúng kỳ vọng, bao phủ sao chép dán, hoàn tác và làm lại?"
Tạo test case cho Notepad - Chức năng,"Thiết kế kịch bản kiểm thử cho Notepad - Chức năng: khôi phục khi sự cố, sao chép dán, tính đúng đắn dữ liệu.","Những ca kiểm thử nào đảm bảo Notepad - Chức năng hoạt động ổn định và đúng kỳ vọng, bao phủ khôi phục khi sự cố, sao chép dán?"
Tạo test case cho Thanh toán - Tích hợp,"Thiết kế kịch bản kiểm thử cho Thanh toán - Tích hợp: webhook và đối soát, 3DS/SCA và PCI, webhook.","Những ca kiểm thử nào đảm bảo Thanh toán - Tích hợp hoạt động ổn định và đúng kỳ vọng, bao phủ webhook và đối soát, 3DS/SCA và PCI?"
Tạo test case cho Thanh toán - Bảo mật,"Lập kịch bản kiểm thử cho Thanh toán - Bảo mật: xử lý lỗi giao dịch, webhook và đối soát, ghi log và audit.","Những ca kiểm thử nào đảm bảo Thanh toán - Bảo mật hoạt động ổn định và đúng kỳ vọng, bao phủ xử lý lỗi giao dịch, webhook và đối soát?"
Tạo test case cho Thanh toán - Chức năng,"Viết kịch bản kiểm thử cho Thanh toán - Chức năng: webhook và đối soát, 3DS/SCA và PCI, trạng thái lỗi.","Những ca kiểm thử nào đảm bảo Thanh toán - Chức năng hoạt động ổn định và đúng kỳ vọng, bao phủ webhook và đối soát, 3DS/SCA và PCI?"
Payment (thanh toán),"Soạn kịch bản kiểm thử cho Payment (thanh toán): bao phủ các trường hợp chính, xử lý lỗi và biên, ghi nhận log và giám sát.","Những ca kiểm thử nào đảm bảo Payment (thanh toán) hoạt động ổn định và đúng kỳ vọng, bao phủ bao phủ các trường hợp chính, xử lý lỗi và biên?"
Tạo test case cho Thanh toán - Xử lý lỗi,"Thiết kế kịch bản kiểm thử cho Thanh toán - Xử lý lỗi: 3DS/SCA và PCI, hiệu năng và tỉ lệ thành công.","Những ca kiểm thử nào đảm bảo Thanh toán - Xử lý lỗi hoạt động ổn định và đúng kỳ vọng, bao phủ 3DS/SCA và PCI, hiệu năng và tỉ lệ thành công?"
Tạo test case cho Thanh toán - Dữ liệu & PCI,"Lập kịch bản kiểm thử cho Thanh toán - Dữ liệu & PCI: webhook và đối soát, 3DS/SCA và PCI.","Những ca kiểm thử nào đảm bảo Thanh toán - Dữ liệu & PCI hoạt động ổn định và đúng kỳ vọng, bao phủ webhook và đối soát, 3DS/SCA và PCI?"
Tạo test case cho Thanh toán - Giao thức,"Đề xuất kịch bản kiểm thử cho Thanh toán - Giao thức: hiệu năng và tỉ lệ thành công, xử lý lỗi giao dịch.","Những ca kiểm thử nào đảm bảo Thanh toán - Giao thức hoạt động ổn định và đúng kỳ vọng, bao phủ hiệu năng và tỉ lệ thành công, xử lý lỗi giao dịch?"
Tạo test case cho Thanh toán - Tải & Đồng thời,"Đề xuất kịch bản kiểm thử cho Thanh toán - Tải & Đồng thời: hiệu năng và tỉ lệ thành công, xử lý lỗi giao dịch.","Những ca kiểm thử nào đảm bảo Thanh toán - Tải & Đồng thời hoạt động ổn định và đúng kỳ vọng, bao phủ hiệu năng và tỉ lệ thành công, xử lý lỗi giao dịch?"
Tạo test case cho Thanh toán - Tích hợp Merchant,"Lập kịch bản kiểm thử cho Thanh toán - Tích hợp Merchant: xử lý lỗi giao dịch, webhook và đối soát, idempotency.","Những ca kiểm thử nào đảm bảo Thanh toán - Tích hợp Merchant hoạt động ổn định và đúng kỳ vọng, bao phủ xử lý lỗi giao dịch, webhook và đối soát?"
Tạo test case cho Thanh toán - Tuân thủ,"Soạn kịch bản kiểm thử cho Thanh toán - Tuân thủ: hiệu năng và tỉ lệ thành công, xử lý lỗi giao dịch.","Những ca kiểm thử nào đảm bảo Thanh toán - Tuân thủ hoạt động ổn định và đúng kỳ vọng, bao phủ hiệu năng và tỉ lệ thành công, xử lý lỗi giao dịch?"
Tạo test case cho Thanh toán - UI thủ công,"Viết kịch bản kiểm thử cho Thanh toán - UI thủ công: hiệu năng và tỉ lệ thành công, xử lý lỗi giao dịch, khả năng tiếp cận.","Những ca kiểm thử nào đảm bảo Thanh toán - UI thủ công hoạt động ổn định và đúng kỳ vọng, bao phủ hiệu năng và tỉ lệ thành công, xử lý lỗi giao dịch?"
Tạo test case cho Thanh toán - Độ chính xác,"Soạn kịch bản kiểm thử cho Thanh toán - Độ chính xác: hiệu năng và tỉ lệ thành công, xử lý lỗi giao dịch.","Những ca kiểm thử nào đảm bảo Thanh toán - Độ chính xác hoạt động ổn định và đúng kỳ vọng, bao phủ hiệu năng và tỉ lệ thành công, xử lý lỗi giao dịch?"
Tạo test case cho Thanh toán - Độ tin cậy,"Soạn kịch bản kiểm thử cho Thanh toán - Độ tin cậy: webhook và đối soát, 3DS/SCA và PCI.","Những ca kiểm thử nào đảm bảo Thanh toán - Độ tin cậy hoạt động ổn định và đúng kỳ vọng, bao phủ webhook và đối soát, 3DS/SCA và PCI?"
Payment (thanh toán) – Niềm tin khách hàng,"Soạn kịch bản kiểm thử cho Payment (thanh toán) – Niềm tin khách hàng: bao phủ các trường hợp chính, xử lý lỗi và biên, ghi nhận log và giám sát.","Những ca kiểm thử nào đảm bảo Payment (thanh toán) – Niềm tin khách hàng hoạt động ổn định và đúng kỳ vọng, bao phủ bao phủ các trường hợp chính, xử lý lỗi và biên?"
Tạo test case cho Thanh toán - Chống gian lận,"Đề xuất kịch bản kiểm thử cho Thanh toán - Chống gian lận: xử lý lỗi giao dịch, webhook và đối soát.","Những ca kiểm thử nào đảm bảo Thanh toán - Chống gian lận hoạt động ổn định và đúng kỳ vọng, bao phủ xử lý lỗi giao dịch, webhook và đối soát?"
Tạo test case cho Thanh toán - Hiệu năng,"Đề xuất kịch bản kiểm thử cho Thanh toán - Hiệu năng: webhook và đối soát, 3DS/SCA và PCI, thời gian phản hồi.","Những ca kiểm thử nào đảm bảo Thanh toán - Hiệu năng hoạt động ổn định và đúng kỳ vọng, bao phủ webhook và đối soát, 3DS/SCA và PCI?"
Tạo test case cho Thanh toán - Chuẩn bị,"Thiết kế kịch bản kiểm thử cho Thanh toán - Chuẩn bị: xử lý lỗi giao dịch, webhook và đối soát.","Những ca kiểm thử nào đảm bảo Thanh toán - Chuẩn bị hoạt động ổn định và đúng kỳ vọng, bao phủ xử lý lỗi giao dịch, webhook và đối soát?"
Tạo test case cho Thanh toán - Phương thức,"Thiết kế kịch bản kiểm thử cho Thanh toán - Phương thức: webhook và đối soát, 3DS/SCA và PCI.","Những ca kiểm thử nào đảm bảo Thanh toán - Phương thức hoạt động ổn định và đúng kỳ vọng, bao phủ webhook và đối soát, 3DS/SCA và PCI?"
Tạo test case cho Thanh toán - Hiển thị giao dịch,"Lập kịch bản kiểm thử cho Thanh toán - Hiển thị giao dịch: 3DS/SCA và PCI, hiệu năng và tỉ lệ thành công.","Những ca kiểm thử nào đảm bảo Thanh toán - Hiển thị giao dịch hoạt động ổn định và đúng kỳ vọng, bao phủ 3DS/SCA và PCI, hiệu năng và tỉ lệ thành công?"
Tạo test case cho Thanh toán - Tương thích,"Soạn kịch bản kiểm thử cho Thanh toán - Tương thích: hiệu năng và tỉ lệ thành công, xử lý lỗi giao dịch.","Những ca kiểm thử nào đảm bảo Thanh toán - Tương thích hoạt động ổn định và đúng kỳ vọng, bao phủ hiệu năng và tỉ lệ thành công, xử lý lỗi giao dịch?"
Tạo test case cho Thanh toán - Lỗi giao dịch,"Soạn kịch bản kiểm thử cho Thanh toán - Lỗi giao dịch: xử lý lỗi giao dịch, webhook và đối soát.","Những ca kiểm thử nào đảm bảo Thanh toán - Lỗi giao dịch hoạt động ổn định và đúng kỳ vọng, bao phủ xử lý lỗi giao dịch, webhook và đối soát?"
Tạo test case cho Thanh toán - Hoàn tiền,"Viết kịch bản kiểm thử cho Thanh toán - Hoàn tiền: hiệu năng và tỉ lệ thành công, xử lý lỗi giao dịch.","Những ca kiểm thử nào đảm bảo Thanh toán - Hoàn tiền hoạt động ổn định và đúng kỳ vọng, bao phủ hiệu năng và tỉ lệ thành công, xử lý lỗi giao dịch?"
Tạo test case cho Thanh toán - Tiêu chuẩn bảo mật,"Lập kịch bản kiểm thử cho Thanh toán - Tiêu chuẩn bảo mật: webhook và đối soát, 3DS/SCA và PCI.","Những ca kiểm thử nào đảm bảo Thanh toán - Tiêu chuẩn bảo mật hoạt động ổn định và đúng kỳ vọng, bao phủ webhook và đối soát, 3DS/SCA và PCI?"
Tạo test case cho Thanh toán - Báo cáo,"Lập kịch bản kiểm thử cho Thanh toán - Báo cáo: hiệu năng và tỉ lệ thành công, xử lý lỗi giao dịch.","Những ca kiểm thử nào đảm bảo Thanh toán - Báo cáo hoạt động ổn định và đúng kỳ vọng, bao phủ hiệu năng và tỉ lệ thành công, xử lý lỗi giao dịch?"
Tạo test case cho Thanh toán - Tải cao,"Lập kịch bản kiểm thử cho Thanh toán - Tải cao: xử lý lỗi giao dịch, webhook và đối soát.","Những ca kiểm thử nào đảm bảo Thanh toán - Tải cao hoạt động ổn định và đúng kỳ vọng, bao phủ xử lý lỗi giao dịch, webhook và đối soát?"
Tạo test case cho Thanh toán - Hỗ trợ khách hàng,"Đề xuất kịch bản kiểm thử cho Thanh toán - Hỗ trợ khách hàng: webhook và đối soát, 3DS/SCA và PCI.","Những ca kiểm thử nào đảm bảo Thanh toán - Hỗ trợ khách hàng hoạt động ổn định và đúng kỳ vọng, bao phủ webhook và đối soát, 3DS/SCA và PCI?"
Tạo test case cho Thanh toán - Tuân thủ pháp lý,"Đề xuất kịch bản kiểm thử cho Thanh toán - Tuân thủ pháp lý: 3DS/SCA và PCI, hiệu năng và tỉ lệ thành công.","Những ca kiểm thử nào đảm bảo Thanh toán - Tuân thủ pháp lý hoạt động ổn định và đúng kỳ vọng, bao phủ 3DS/SCA và PCI, hiệu năng và tỉ lệ thành công?"
Tạo test case cho Thanh toán - Môi trường,"Đề xuất kịch bản kiểm thử cho Thanh toán - Môi trường: 3DS/SCA và PCI, hiệu năng và tỉ lệ thành công.","Những ca kiểm thử nào đảm bảo Thanh toán - Môi trường hoạt động ổn định và đúng kỳ vọng, bao phủ 3DS/SCA và PCI, hiệu năng và tỉ lệ thành công?"
Tạo test case cho Thanh toán - Dữ liệu test,"Viết kịch bản kiểm thử cho Thanh toán - Dữ liệu test: webhook và đối soát, 3DS/SCA và PCI.","Những ca kiểm thử nào đảm bảo Thanh toán - Dữ liệu test hoạt động ổn định và đúng kỳ vọng, bao phủ webhook và đối soát, 3DS/SCA và PCI?"
Tạo test case cho Thanh toán - Thành công,"Đề xuất kịch bản kiểm thử cho Thanh toán - Thành công: xử lý lỗi giao dịch, webhook và đối soát.","Những ca kiểm thử nào đảm bảo Thanh toán - Thành công hoạt động ổn định và đúng kỳ vọng, bao phủ xử lý lỗi giao dịch, webhook và đối soát?"
Tạo test case cho Thanh toán - Chuyển hướng,"Đề xuất kịch bản kiểm thử cho Thanh toán - Chuyển hướng: xử lý lỗi giao dịch, webhook và đối soát.","Những ca kiểm thử nào đảm bảo Thanh toán - Chuyển hướng hoạt động ổn định và đúng kỳ vọng, bao phủ xử lý lỗi giao dịch, webhook và đối soát?"
Tạo test case cho Thanh toán - Thông báo,"Đề xuất kịch bản kiểm thử cho Thanh toán - Thông báo: webhook và đối soát, 3DS/SCA và PCI.","Những ca kiểm thử nào đảm bảo Thanh toán - Thông báo hoạt động ổn định và đúng kỳ vọng, bao phủ webhook và đối soát, 3DS/SCA và PCI?"
Tạo test case cho Thanh toán - Thất bại,"Thiết kế kịch bản kiểm thử cho Thanh toán - Thất bại: webhook và đối soát, 3DS/SCA và PCI.","Những ca kiểm thử nào đảm bảo Thanh toán - Thất bại hoạt động ổn định và đúng kỳ vọng, bao phủ webhook và đối soát, 3DS/SCA và PCI?"
Tạo test case cho Thanh toán - Popup,"Lập kịch bản kiểm thử cho Thanh toán - Popup: 3DS/SCA và PCI, hiệu năng và tỉ lệ thành công.","Những ca kiểm thử nào đảm bảo Thanh toán - Popup hoạt động ổn định và đúng kỳ vọng, bao phủ 3DS/SCA và PCI, hiệu năng và tỉ lệ thành công?"
Tạo test case cho Thanh toán - Đối soát,"Đề xuất kịch bản kiểm thử cho Thanh toán - Đối soát: hiệu năng và tỉ lệ thành công, xử lý lỗi giao dịch.","Những ca kiểm thử nào đảm bảo Thanh toán - Đối soát hoạt động ổn định và đúng kỳ vọng, bao phủ hiệu năng và tỉ lệ thành công, xử lý lỗi giao dịch?"
Tạo test case cho Thanh toán - Phiên,"Soạn kịch bản kiểm thử cho Thanh toán - Phiên: hiệu năng và tỉ lệ thành công, xử lý lỗi giao dịch.","Những ca kiểm thử nào đảm bảo Thanh toán - Phiên hoạt động ổn định và đúng kỳ vọng, bao phủ hiệu năng và tỉ lệ thành công, xử lý lỗi giao dịch?"
Tạo test case cho Thanh toán - Console,"Đề xuất kịch bản kiểm thử cho Thanh toán - Console: xử lý lỗi giao dịch, webhook và đối soát.","Những ca kiểm thử nào đảm bảo Thanh toán - Console hoạt động ổn định và đúng kỳ vọng, bao phủ xử lý lỗi giao dịch, webhook và đối soát?"
Tạo test case cho Thanh toán - HTTPS,"Đề xuất kịch bản kiểm thử cho Thanh toán - HTTPS: xử lý lỗi giao dịch, webhook và đối soát, vô hiệu cookie không an toàn.","Những ca kiểm thử nào đảm bảo Thanh toán - HTTPS hoạt động ổn định và đúng kỳ vọng, bao phủ xử lý lỗi giao dịch, webhook và đối soát?"
Tạo test case cho Thanh toán - Tiền tệ,"Soạn kịch bản kiểm thử cho Thanh toán - Tiền tệ: 3DS/SCA và PCI, hiệu năng và tỉ lệ thành công.","Những ca kiểm thử nào đảm bảo Thanh toán - Tiền tệ hoạt động ổn định và đúng kỳ vọng, bao phủ 3DS/SCA và PCI, hiệu năng và tỉ lệ thành công?"
Tạo test case cho Thanh toán - Nhiều phương thức,"Viết kịch bản kiểm thử cho Thanh toán - Nhiều phương thức: xử lý lỗi giao dịch, webhook và đối soát.","Những ca kiểm thử nào đảm bảo Thanh toán - Nhiều phương thức hoạt động ổn định và đúng kỳ vọng, bao phủ xử lý lỗi giao dịch, webhook và đối soát?"
Tạo test case cho Thanh toán - Hoàn tiền/Hủy,"Soạn kịch bản kiểm thử cho Thanh toán - Hoàn tiền và Hủy: hiệu năng và tỉ lệ thành công, xử lý lỗi giao dịch.","Những ca kiểm thử nào đảm bảo Thanh toán - Hoàn tiền và Hủy hoạt động ổn định và đúng kỳ vọng, bao phủ hiệu năng và tỉ lệ thành công, xử lý lỗi giao dịch?"
Tạo test case cho Thanh toán - 3DS/SCA,"Lập kịch bản kiểm thử cho Thanh toán - 3DS và SCA: webhook và đối soát, 3DS/SCA và PCI.","Những ca kiểm thử nào đảm bảo Thanh toán - 3DS và SCA hoạt động ổn định và đúng kỳ vọng, bao phủ webhook và đối soát, 3DS/SCA và PCI?"
Tạo test case cho Thanh toán - Idempotency,"Đề xuất kịch bản kiểm thử cho Thanh toán - Idempotency: xử lý lỗi giao dịch, webhook và đối soát.","Những ca kiểm thử nào đảm bảo Thanh toán - Idempotency hoạt động ổn định và đúng kỳ vọng, bao phủ xử lý lỗi giao dịch, webhook và đối soát?"
Tạo test case cho Thanh toán - Webhook,"Viết kịch bản kiểm thử cho Thanh toán - Webhook: xử lý lỗi giao dịch, webhook và đối soát.","Những ca kiểm thử nào đảm bảo Thanh toán - Webhook hoạt động ổn định và đúng kỳ vọng, bao phủ xử lý lỗi giao dịch, webhook và đối soát?"
Tạo test case cho Thanh toán - Thử lại,"Lập kịch bản kiểm thử cho Thanh toán - Thử lại: xử lý lỗi giao dịch, webhook và đối soát.","Những ca kiểm thử nào đảm bảo Thanh toán - Thử lại hoạt động ổn định và đúng kỳ vọng, bao phủ xử lý lỗi giao dịch, webhook và đối soát?"
